Identifier,Title,OBJECT_ID,OBJECT_PORTFOLIO_ID,Target,TargetService,Coverage,Status
0001-6977,ACTA SOCIETATIS BOTANICORUM POLONIAE,9.54925E+11,2.67E+15,EBSCOhost Academic Search Complete,getFullTxt,-2011,ACTIVE
0001-706X,Acta tropica,9.54925E+11,2.56E+15,Elsevier ScienceDirect Journals Complete,getFullTxt,-1989,ACTIVE
0002-8444,American Fern Journal,9.54925E+11,1E+15,JSTOR Life Sciences Collection,getFullTxt,1910-2017,ACTIVE
0002-8487,Transactions of the American Fisheries Society,9.54925E+11,4.1E+15,MacEwan EBSCO Electronic Journals Service,getFullTxt,2011-2013,ACTIVE
0002-9122,American Journal of Botany,9.54925E+11,1E+15,JSTOR Life Sciences Collection,getFullTxt,1914-2015,ACTIVE
0003-3472,Animal behaviour,9.54923E+11,2.56E+15,Elsevier ScienceDirect Journals Complete,getFullTxt,-1958,ACTIVE
0003-4088,Annales de Limnologie = International Journal of Limnology,9.54925E+11,2.67E+15,EBSCOhost Academic Search Complete,getFullTxt,-2011,ACTIVE
0003-6862,Applied Entomology and Zoology,9.54925E+11,3.85E+15,SpringerLink Journals - AutoHoldings,getFullTxt,-2011,ACTIVE
0005-1098,Automatica (Oxford),9.54925E+11,2.56E+15,Elsevier ScienceDirect Journals Complete,getFullTxt,-1963,ACTIVE
0006-3088,Biologia,9.54925E+11,3.85E+15,SpringerLink Journals - AutoHoldings,getFullTxt,-2006,ACTIVE
0006-3185,Biological Bulletin,9.54925E+11,1E+15,JSTOR Life Sciences Collection,getFullTxt,1899-2015,ACTIVE
0006-3207,Biological conservation,9.54925E+11,2.56E+15,Elsevier ScienceDirect Journals Complete,getFullTxt,-1968,ACTIVE
0007-4853,Bulletin of Entomological Research,9.54925E+11,3.24E+15,CRKN Cambridge University Press Journals,getFullTxt,-1999,ACTIVE
0008-3976,Canadian Journal of Agricultural Economics/Revue canadienne d'agroeconomie,9.54925E+11,2.43E+15,CRKN Wiley Online Library,getFullTxt,-1997,ACTIVE
0008-4271,Canadian Journal of Soil Science,9.54925E+11,1.11083E+14,Canadian Science Publishing (NRC Research Press) Current,getFullTxt,1957-2012,ACTIVE
0010-4159,Comparative Politics,9.54925E+11,1.11025E+14,JSTOR Arts and Sciences II,getFullTxt,1968-2019,ACTIVE
0010-4620,The Computer Journal,9.54925E+11,4.33E+15,CRKN Oxford University Press Current,getFullTxt,-1996,ACTIVE
0011-3891,Current Science,9.54925E+11,1E+15,EBSCOhost Academic Search Complete,getFullTxt,-2006,ACTIVE
0011-9164,Desalination (Amsterdam),9.54925E+11,2.56E+15,Elsevier ScienceDirect Journals Complete,getFullTxt,-1966,ACTIVE
0012-8252,Earth-science reviews,9.54925E+11,2.56E+15,Elsevier ScienceDirect Journals Complete,getFullTxt,-1966,ACTIVE
0013-8703,Entomologia Experimentalis et Applicata,9.54925E+11,2.43E+15,CRKN Wiley Online Library,getFullTxt,-1997,ACTIVE
0013-9351,"Environmental research (New York, N.Y. Print)",9.54923E+11,2.56E+15,Elsevier ScienceDirect Journals Complete,getFullTxt,-1967,ACTIVE
0014-0015,Erdkunde,1.10986E+14,2.67E+15,JSTOR Arts and Sciences IX,getFullTxt,1947-2019,ACTIVE
0014-3065,Potato Research,9.54925E+11,3.85E+15,SpringerLink Journals - AutoHoldings,getFullTxt,-1997,ACTIVE
0014-4797,Experimental Agriculture,9.54925E+11,3.24E+15,CRKN Cambridge University Press Journals,getFullTxt,-1997,ACTIVE
0016-3287,Futures (London),9.54921E+11,2.56E+15,Elsevier ScienceDirect Journals Complete,getFullTxt,-1969,ACTIVE
0016-6480,General and comparative endocrinology,9.54923E+11,2.56E+15,Elsevier ScienceDirect Journals Complete,getFullTxt,-1962,ACTIVE
0016-7061,Geoderma (Amsterdam),9.54925E+11,2.56E+15,Elsevier ScienceDirect Journals Complete,getFullTxt,-1967,ACTIVE
0016-7185,Geoforum,9.54925E+11,2.56E+15,Elsevier ScienceDirect Journals Complete,getFullTxt,-1970,ACTIVE
0016-7223,Geografisk Tidsskrift,1.10986E+14,3.81E+15,Taylor & Francis CRKN Social Science and Humanities,getFullTxt,-1997,ACTIVE
0016-7622,Journal of the Geological Society of India,9.54925E+11,3.85E+15,SpringerLink Journals - AutoHoldings,getFullTxt,-2009,ACTIVE
0016-7878,Proceedings of the Geologists' Association,9.54925E+11,2.56E+15,Elsevier ScienceDirect Journals Complete,getFullTxt,-1859,ACTIVE
0017-467X,Ground Water,9.54925E+11,2.43E+15,CRKN Wiley Online Library,getFullTxt,-1997,ACTIVE
0018-7259,Human Organization,9.54921E+11,2.55E+15,ABI/INFORM Collection,getFullTxt,-1996,ACTIVE
0019-1019,Ibis,9.54925E+11,2.43E+15,CRKN Wiley Online Library,getFullTxt,-1997,ACTIVE
0020-7128,International Journal of Biometeorology,9.54925E+11,3.85E+15,SpringerLink Journals - AutoHoldings,getFullTxt,-1997,ACTIVE
0020-7519,International Journal for Parasitology,9.54925E+11,2.56E+15,Elsevier ScienceDirect Journals Complete,getFullTxt,-1971,ACTIVE
0021-857X,Journal of Agricultural Economics,9.54925E+11,2.43E+15,CRKN Wiley Online Library,getFullTxt,-1997,ACTIVE
0021-8596,Journal of Agricultural Science,9.54925E+11,3.24E+15,CRKN Cambridge University Press Journals,getFullTxt,-1997,ACTIVE
0022-0981,Journal of experimental marine biology and ecology,9.54925E+11,2.56E+15,Elsevier ScienceDirect Journals Complete,getFullTxt,-1967,ACTIVE
0022-1112,Journal of Fish Biology,9.54923E+11,2.43E+15,CRKN Wiley Online Library,getFullTxt,-1997,ACTIVE
0022-1694,Journal of hydrology (Amsterdam),9.54925E+11,2.56E+15,Elsevier ScienceDirect Journals Complete,getFullTxt,-1963,ACTIVE
0022-1910,Journal of insect physiology,9.54925E+11,2.56E+15,Elsevier ScienceDirect Journals Complete,getFullTxt,-1957,ACTIVE
0022-2011,Journal of invertebrate pathology,9.54923E+11,2.56E+15,Elsevier ScienceDirect Journals Complete,getFullTxt,-1965,ACTIVE
0022-2380,Journal of Management Studies,9.54921E+11,2.43E+15,CRKN Wiley Online Library,getFullTxt,-1997,ACTIVE
0022-247X,Journal of mathematical analysis and applications,9.54923E+11,2.56E+15,Elsevier ScienceDirect Journals Complete,getFullTxt,-1960,ACTIVE
0022-300X,Journal of nematology,9.54925E+11,3.85E+15,EBSCOhost Academic Search Complete,getFullTxt,-2015,ACTIVE
0022-409X,Journal of Range Management,9.54925E+11,1E+15,JSTOR Life Sciences Collection,getFullTxt,1948-2004,ACTIVE
0022-5142,Journal of the Science of Food and Agriculture,9.54925E+11,2.43E+15,CRKN Wiley Online Library,getFullTxt,-1996,ACTIVE
0022-5193,Journal of theoretical biology,9.54923E+11,2.56E+15,Elsevier ScienceDirect Journals Complete,getFullTxt,-1961,ACTIVE
0022-8567,Journal of the Kansas Entomological Society,9.54925E+11,1E+15,JSTOR Life Sciences Collection,getFullTxt,1928-2017,ACTIVE
0025-3154,Journal of the Marine Biological Association of the United Kingdom UK (JMBA),9.54925E+11,3.24E+15,CRKN Cambridge University Press Journals,getFullTxt,-1999,ACTIVE
0025-326X,Marine pollution bulletin,9.54925E+11,2.56E+15,Elsevier ScienceDirect Journals Complete,getFullTxt,-1970,ACTIVE
0025-5564,Mathematical biosciences,9.54925E+11,2.56E+15,Elsevier ScienceDirect Journals Complete,getFullTxt,-1967,ACTIVE
0027-5514,Mycologia,9.54925E+11,1E+15,JSTOR Life Sciences Collection,getFullTxt,1909-2013,ACTIVE
0027-8424,Proceedings of the National Academy of Sciences of the United States of America,9.54925E+11,1E+15,JSTOR Life Sciences Collection,getFullTxt,1915-2018,ACTIVE
0028-1042,The Science of Nature - Naturwissenschaften,9.54925E+11,3.85E+15,SpringerLink Journals - AutoHoldings,getFullTxt,-1997,ACTIVE
0030-5685,Ornis Fennica,9.54925E+11,3.85E+15,EBSCOhost Academic Search Complete,getFullTxt,-2012,ACTIVE
0030-7270,Outlook on Agriculture,9.54925E+11,3.78E+15,Sage CRKN Collection,getFullTxt,-1999,ACTIVE
0031-0182,"Palaeogeography, palaeoclimatology, palaeoecology",9.54925E+11,2.56E+15,Elsevier ScienceDirect Journals Complete,getFullTxt,-1965,ACTIVE
0031-4056,"Pedobiologia (Jena, Print)",9.54925E+11,2.56E+15,Elsevier ScienceDirect Journals Complete,getFullTxt,-2000,ACTIVE
0031-9384,Physiology & behavior,9.54925E+11,2.56E+15,Elsevier ScienceDirect Journals Complete,getFullTxt,-1966,ACTIVE
0032-2474,Polar Record,1.10976E+14,3.24E+15,CRKN Cambridge University Press Journals,getFullTxt,-2003,ACTIVE
0032-8332,Primates,9.54925E+11,3.85E+15,SpringerLink Journals - AutoHoldings,getFullTxt,-1997,ACTIVE
0034-4257,Remote sensing of environment,9.54925E+11,2.56E+15,Elsevier ScienceDirect Journals Complete,getFullTxt,-1969,ACTIVE
0034-6667,Review of palaeobotany and palynology,9.54925E+11,2.56E+15,Elsevier ScienceDirect Journals Complete,getFullTxt,-1967,ACTIVE
0034-7744,Revista de Biología Tropical,9.54925E+11,1E+15,EBSCOhost Academic Search Complete,getFullTxt,2003-2010,ACTIVE
0035-4902,Rhodora,9.54925E+11,1E+15,EBSCOhost Environment Complete,getFullTxt,2009-2021,ACTIVE
0038-0717,Soil biology & biochemistry,9.54925E+11,2.56E+15,Elsevier ScienceDirect Journals Complete,getFullTxt,-1969,ACTIVE
0038-1969,The South African Archaeological Bulletin,9.54925E+11,1E+15,JSTOR Arts and Sciences VII,getFullTxt,1945-2019,ACTIVE
0040-5752,TAG Theoretical and Applied Genetics,9.54925E+11,3.85E+15,SpringerLink Journals - AutoHoldings,getFullTxt,-1997,ACTIVE
0040-5809,Theoretical population biology,9.54923E+11,2.56E+15,Elsevier ScienceDirect Journals Complete,getFullTxt,-1970,ACTIVE
0043-1354,Water research (Oxford),9.54925E+11,2.56E+15,Elsevier ScienceDirect Journals Complete,getFullTxt,-1967,ACTIVE
0044-5231,Zoologischer Anzeiger,9.54925E+11,2.56E+15,Elsevier ScienceDirect Journals Complete,getFullTxt,-2001,ACTIVE
0044-8435,Apidologie,9.54925E+11,3.85E+15,SpringerLink Journals - AutoHoldings,getFullTxt,-2007,ACTIVE
0044-8486,Aquaculture (Amsterdam),9.54925E+11,2.56E+15,Elsevier ScienceDirect Journals Complete,getFullTxt,-1972,ACTIVE
0045-6535,Chemosphere,9.54925E+11,2.56E+15,Elsevier ScienceDirect Journals Complete,getFullTxt,-1972,ACTIVE
0046-5070,Freshwater Biology,9.54925E+11,2.43E+15,CRKN Wiley Online Library,getFullTxt,-1997,ACTIVE
0047-2425,Journal of Environmental Quality,9.54925E+11,2.55E+15,Public Health Database,getFullTxt,1997-2015,ACTIVE
0048-7333,Research policy,9.54921E+11,2.56E+15,Elsevier ScienceDirect Journals Complete,getFullTxt,-1971,ACTIVE
0048-9697,Science of the total environment,9.54925E+11,2.56E+15,Elsevier ScienceDirect Journals Complete,getFullTxt,-1972,ACTIVE
0067-1924,Australian journal of botany,9.54925E+11,3.71E+15,EBSCOhost Environment Complete,getFullTxt,-2015,ACTIVE
0075-9511,Limnologica (Jena),1.10976E+14,2.56E+15,Elsevier ScienceDirect Journals Complete,getFullTxt,-1999,ACTIVE
0079-6611,Progress in Oceanography,9.54925E+11,2.56E+15,Elsevier ScienceDirect Journals Complete,getFullTxt,-1963,ACTIVE
0091-7613,Geology,9.54925E+11,1E+15,Ejournal Publishers,getFullTxt,-1973,ACTIVE
0092-8240,Bulletin of Mathematical Biology,9.54923E+11,3.85E+15,SpringerLink Journals - AutoHoldings,getFullTxt,-1997,ACTIVE
0093-691X,Theriogenology,9.54925E+11,2.56E+15,Elsevier ScienceDirect Journals Complete,getFullTxt,-1974,ACTIVE
0094-8276,Geophysical Research Letters,9.54925E+11,3.79E+15,CRKN Wiley Online Library,getFullTxt,-1997,ACTIVE
0095-0696,Journal of environmental economics and management,9.54921E+11,2.56E+15,Elsevier ScienceDirect Journals Complete,getFullTxt,-1974,ACTIVE
0098-3004,Computers & geosciences,9.54925E+11,2.56E+15,Elsevier ScienceDirect Journals Complete,getFullTxt,-1975,ACTIVE
0100-8404,Brazilian Journal of Botany,1.10979E+14,3.85E+15,SpringerLink Journals - AutoHoldings,getFullTxt,-2013,ACTIVE
0101-8205,Computational and Applied Mathematics,1E+15,1E+15,EBSCOhost Computers and Applied Sciences Complete,getFullTxt,2005-2020,ACTIVE
0110-6465,New Zealand Journal of Ecology,9.54925E+11,3.85E+15,EBSCOhost Academic Search Complete,getFullTxt,-2014,ACTIVE
0128-7702,Pertanika journal of social science & humanities,1.10979E+14,1E+15,EBSCOhost Humanities International Complete,getFullTxt,-2007,ACTIVE
0133-3720,Cereal Research Communications,9.54925E+11,4.1E+15,SpringerLink Journals - AutoHoldings,getFullTxt,-1997,ACTIVE
0137-1592,ACTA ICHTHYOLOGICA ET PISCATORIA,1.10976E+14,1E+15,EBSCOhost Environment Complete,getFullTxt,-2009,ACTIVE
0137-5881,Acta Physiologiae Plantarum,9.54925E+11,3.85E+15,SpringerLink Journals - AutoHoldings,getFullTxt,-1997,ACTIVE
0139-7893,Folia Zoologica,9.54925E+11,2.56E+15,EBSCOhost Academic Search Complete,getFullTxt,2011-2019,ACTIVE
0140-1963,Journal of arid environments,9.54923E+11,2.56E+15,Elsevier ScienceDirect Journals Complete,getFullTxt,-1978,ACTIVE
0140-9883,Energy Economics,9.54921E+11,2.56E+15,Elsevier ScienceDirect Journals Complete,getFullTxt,-1979,ACTIVE
0141-1136,Marine environmental research,9.54925E+11,2.56E+15,Elsevier ScienceDirect Journals Complete,getFullTxt,-1978,ACTIVE
0141-6707,African Journal of Ecology,9.54925E+11,2.43E+15,CRKN Wiley Online Library,getFullTxt,-1997,ACTIVE
0142-6397,Landscape Research,9.54925E+11,3.81E+15,Taylor & Francis CRKN Social Science and Humanities,getFullTxt,-1997,ACTIVE
0143-6228,Applied geography (Sevenoaks),9.54925E+11,2.56E+15,Elsevier ScienceDirect Journals Complete,getFullTxt,-1981,ACTIVE
0144-8609,Aquacultural engineering,9.54925E+11,2.56E+15,Elsevier ScienceDirect Journals Complete,getFullTxt,-1982,ACTIVE
0147-6513,Ecotoxicology and environmental safety,9.54923E+11,2.56E+15,Elsevier ScienceDirect Journals Complete,getFullTxt,-1977,ACTIVE
0160-4120,Environment international,9.54925E+11,2.56E+15,Elsevier ScienceDirect Journals Complete,getFullTxt,-1978,ACTIVE
0160-8347,Estuaries,9.54925E+11,1E+15,JSTOR Life Sciences Collection,getFullTxt,1978-2005,ACTIVE
0163-4275,Environmental Ethics,9.54925E+11,2.55E+15,EBSCOhost Environment Complete,getFullTxt,-2013,ACTIVE
0165-232X,Cold regions science and technology,9.54925E+11,2.56E+15,Elsevier ScienceDirect Journals Complete,getFullTxt,-1979,ACTIVE
0165-7380,Veterinary Research Communications,9.54925E+11,3.85E+15,SpringerLink Journals - AutoHoldings,getFullTxt,-1997,ACTIVE
0165-7836,Fisheries research,9.54925E+11,2.56E+15,Elsevier ScienceDirect Journals Complete,getFullTxt,-1981,ACTIVE
0166-445X,Aquatic toxicology,9.54925E+11,2.56E+15,Elsevier ScienceDirect Journals Complete,getFullTxt,-1981,ACTIVE
0167-1987,Soil & tillage research,9.54925E+11,2.56E+15,Elsevier ScienceDirect Journals Complete,getFullTxt,-1980,ACTIVE
0167-5877,Preventive veterinary medicine,9.54925E+11,2.56E+15,Elsevier ScienceDirect Journals Complete,getFullTxt,-1982,ACTIVE
0167-7012,Journal of microbiological methods,9.54925E+11,2.56E+15,Elsevier ScienceDirect Journals Complete,getFullTxt,-1983,ACTIVE
0167-7322,Journal of molecular liquids,9.54925E+11,2.56E+15,Elsevier ScienceDirect Journals Complete,getFullTxt,-1983,ACTIVE
0167-7799,Trends in biotechnology (Regular ed.),9.54925E+11,2.56E+15,Elsevier ScienceDirect Journals Complete,getFullTxt,-1983,ACTIVE
0167-8809,"Agriculture, ecosystems & environment",9.54925E+11,2.56E+15,Elsevier ScienceDirect Journals Complete,getFullTxt,-1983,ACTIVE
0168-1591,Applied animal behaviour science,9.54925E+11,2.56E+15,Elsevier ScienceDirect Journals Complete,getFullTxt,-1984,ACTIVE
0168-1699,Computers and electronics in agriculture,9.54925E+11,2.56E+15,Elsevier ScienceDirect Journals Complete,getFullTxt,-1985,ACTIVE
0168-1702,Virus research,9.54925E+11,2.56E+15,Elsevier ScienceDirect Journals Complete,getFullTxt,-1984,ACTIVE
0168-1923,Agricultural and forest meteorology,9.54925E+11,2.56E+15,Elsevier ScienceDirect Journals Complete,getFullTxt,-1984,ACTIVE
0169-2046,Landscape and urban planning,9.54925E+11,2.56E+15,Elsevier ScienceDirect Journals Complete,getFullTxt,-1986,ACTIVE
0169-3298,Surveys in Geophysics,9.54925E+11,3.85E+15,SpringerLink Journals - AutoHoldings,getFullTxt,-1997,ACTIVE
0169-5150,Agricultural economics,9.54926E+11,2.43E+15,CRKN Wiley Online Library,getFullTxt,-2000,ACTIVE
0169-5347,Trends in ecology & evolution (Regular ed. Print),9.54925E+11,2.56E+15,Elsevier ScienceDirect Journals Complete,getFullTxt,-1986,ACTIVE
0169-555X,Geomorphology (Amsterdam),9.54925E+11,2.56E+15,Elsevier ScienceDirect Journals Complete,getFullTxt,-1987,ACTIVE
0169-8095,Atmospheric research,9.54925E+11,2.56E+15,Elsevier ScienceDirect Journals Complete,getFullTxt,-1986,ACTIVE
0175-8659,Journal of Applied Ichthyology,9.54925E+11,2.43E+15,CRKN Wiley Online Library,getFullTxt,-1997,ACTIVE
0185-3880,Ciencias marinas,9.54925E+11,1E+15,EBSCOhost Environment Complete,getFullTxt,-1994,ACTIVE
0195-9255,Environmental impact assessment review,9.54926E+11,2.56E+15,Elsevier ScienceDirect Journals Complete,getFullTxt,-1980,ACTIVE
0196-2892,IEEE Transactions on Geoscience and Remote Sensing,9.54925E+11,3.86E+15,IEEE Electronic Library (IEL),getFullTxt,-1980,ACTIVE
0196-8904,Energy conversion and management,9.54925E+11,2.56E+15,Elsevier ScienceDirect Journals Complete,getFullTxt,-1980,ACTIVE
0197-3975,Habitat international,9.54925E+11,2.56E+15,Elsevier ScienceDirect Journals Complete,getFullTxt,-1976,ACTIVE
0198-9715,"Computers, environment and urban systems",9.54926E+11,2.56E+15,Elsevier ScienceDirect Journals Complete,getFullTxt,-1980,ACTIVE
0209-4541,Oxidation communications,9.54929E+11,3.85E+15,EBSCOhost Academic Search Complete,getFullTxt,-2015,ACTIVE
0218-3390,Journal of biological systems,9.74747E+11,4.1E+15,EBSCOhost Environment Complete,getFullTxt,1999-2020,ACTIVE
0233-111X,Journal of Basic Microbiology,9.54925E+11,2.43E+15,CRKN Wiley Online Library,getFullTxt,-1998,ACTIVE
0250-0167,Communicatio,1.10979E+14,3.81E+15,Taylor & Francis CRKN Social Science and Humanities,getFullTxt,-1997,ACTIVE
0250-541X,National Academy Science Letters,9.54925E+11,3.85E+15,SpringerLink Journals - AutoHoldings,getFullTxt,-2012,ACTIVE
0250-8060,Water international,9.54929E+11,3.81E+15,Taylor & Francis CRKN Social Science and Humanities,getFullTxt,-1997,ACTIVE
0253-505X,Acta Oceanologica Sinica,1.10976E+14,3.85E+15,SpringerLink Journals - AutoHoldings,getFullTxt,-2010,ACTIVE
0254-6299,South African journal of botany,9.54925E+11,2.56E+15,Elsevier ScienceDirect Journals Complete,getFullTxt,-1982,ACTIVE
0255-965X,Notulae Botanicae Horti Agrobotanici Cluj-Napoca,1E+15,1E+15,EBSCOhost Academic Search Complete,getFullTxt,-2007,ACTIVE
0256-1530,Advances in Atmospheric Sciences,9.54925E+11,3.85E+15,SpringerLink Journals - AutoHoldings,getFullTxt,-1997,ACTIVE
0258-7203,South African journal on human rights,1.10979E+14,3.71E+15,Taylor & Francis CRKN Social Science and Humanities,getFullTxt,-1997,ACTIVE
0261-2194,Crop protection,9.54925E+11,2.56E+15,Elsevier ScienceDirect Journals Complete,getFullTxt,-1982,ACTIVE
0261-5177,Tourism management (1982),9.54925E+11,2.56E+15,Elsevier ScienceDirect Journals Complete,getFullTxt,-1982,ACTIVE
0262-6667,Hydrological sciences journal,9.54925E+11,2.67E+15,EBSCOhost Academic Search Complete,getFullTxt,2010-2020,ACTIVE
0263-774X,Environment and planning C Government and policy,9.54925E+11,3.72E+15,Sage CRKN Collection,getFullTxt,1999-2016,ACTIVE
0264-2751,Cities,9.54925E+11,2.56E+15,Elsevier ScienceDirect Journals Complete,getFullTxt,-1983,ACTIVE
0264-8377,Land use policy,9.54925E+11,2.56E+15,Elsevier ScienceDirect Journals Complete,getFullTxt,-1984,ACTIVE
0265-5012,IDS Bulletin,9.54925E+11,1E+15,EBSCOhost Academic Search Complete,getFullTxt,2006-2015,ACTIVE
0265-8135,Environment and planning B Planning and design,9.54925E+11,3.72E+15,Sage CRKN Collection,getFullTxt,1999-2016,ACTIVE
0265-931X,Journal of environmental radioactivity,9.54925E+11,2.56E+15,Elsevier ScienceDirect Journals Complete,getFullTxt,-1984,ACTIVE
0266-0032,Soil Use and Management,9.54925E+11,2.43E+15,CRKN Wiley Online Library,getFullTxt,-1997,ACTIVE
0268-2575,Journal of Chemical Technology and Biotechnology,9.54926E+11,2.43E+15,CRKN Wiley Online Library,getFullTxt,-1996,ACTIVE
0269-7491,Environmental pollution (1987),9.54926E+11,2.56E+15,Elsevier ScienceDirect Journals Complete,getFullTxt,-1987,ACTIVE
0270-5060,Journal of freshwater ecology,9.54926E+11,1E+15,EBSCOhost Environment Complete,getFullTxt,-2006,ACTIVE
0272-7714,"Estuarine, coastal and shelf science",9.54923E+11,2.56E+15,Elsevier ScienceDirect Journals Complete,getFullTxt,-1981,ACTIVE
0273-1177,Advances in space research,9.54926E+11,2.56E+15,Elsevier ScienceDirect Journals Complete,getFullTxt,-1981,ACTIVE
0275-5947,North American journal of fisheries management,1.10976E+14,4.1E+15,MacEwan EBSCO Electronic Journals Service,getFullTxt,2011-2013,ACTIVE
0276-9948,University of Illinois law review,9.54926E+11,3.79E+15,Nexis Uni,getFullTxt,-1982,ACTIVE
0277-3791,Quaternary science reviews,9.54926E+11,2.56E+15,Elsevier ScienceDirect Journals Complete,getFullTxt,-1982,ACTIVE
0278-4319,International journal of hospitality management,9.54926E+11,2.56E+15,Elsevier ScienceDirect Journals Complete,getFullTxt,-1982,ACTIVE
0278-4343,Continental shelf research,9.54926E+11,2.56E+15,Elsevier ScienceDirect Journals Complete,getFullTxt,-1982,ACTIVE
0289-0003,Zoological Science,9.54926E+11,1E+15,EBSCOhost Academic Search Complete,getFullTxt,2000-2003,ACTIVE
0301-4207,Resources policy,9.54926E+11,2.56E+15,Elsevier ScienceDirect Journals Complete,getFullTxt,-1974,ACTIVE
0301-4215,Energy policy,9.54921E+11,2.56E+15,Elsevier ScienceDirect Journals Complete,getFullTxt,-1973,ACTIVE
0301-4797,Journal of environmental management,9.54923E+11,2.56E+15,Elsevier ScienceDirect Journals Complete,getFullTxt,-1990,ACTIVE
0301-4851,Molecular Biology Reports,9.54926E+11,3.85E+15,SpringerLink Journals - AutoHoldings,getFullTxt,-1997,ACTIVE
0303-2434,International journal of applied earth observation and geoinformation,9.5848E+11,2.56E+15,Elsevier ScienceDirect Journals Complete,getFullTxt,-1999,ACTIVE
0303-6758,Journal of the Royal Society of New Zealand,9.54926E+11,1E+15,EBSCOhost Academic Search Complete,getFullTxt,2006-2020,ACTIVE
0303-6812,Journal of Mathematical Biology,9.54926E+11,3.85E+15,SpringerLink Journals - AutoHoldings,getFullTxt,-1997,ACTIVE
0304-3770,Aquatic botany,9.54926E+11,2.56E+15,Elsevier ScienceDirect Journals Complete,getFullTxt,-1975,ACTIVE
0304-3800,Ecological modelling,9.54926E+11,2.56E+15,Elsevier ScienceDirect Journals Complete,getFullTxt,-1975,ACTIVE
0304-3894,Journal of hazardous materials,9.54926E+11,2.56E+15,Elsevier ScienceDirect Journals Complete,getFullTxt,-1975,ACTIVE
0304-4017,Veterinary parasitology,9.54926E+11,2.56E+15,Elsevier ScienceDirect Journals Complete,getFullTxt,-1975,ACTIVE
0305-1978,Biochemical systematics and ecology,9.54926E+11,2.56E+15,Elsevier ScienceDirect Journals Complete,getFullTxt,-1973,ACTIVE
0305-4403,Journal of archaeological science,9.54923E+11,2.56E+15,Elsevier ScienceDirect Journals Complete,getFullTxt,-1974,ACTIVE
0305-7488,Journal of historical geography,9.54923E+11,2.56E+15,Elsevier ScienceDirect Journals Complete,getFullTxt,-1975,ACTIVE
0305-750X,World development,9.54921E+11,2.56E+15,Elsevier ScienceDirect Journals Complete,getFullTxt,-1973,ACTIVE
0305-9006,Progress in planning,9.54926E+11,2.56E+15,Elsevier ScienceDirect Journals Complete,getFullTxt,-1973,ACTIVE
0306-2619,Applied energy,9.54926E+11,2.56E+15,Elsevier ScienceDirect Journals Complete,getFullTxt,-1975,ACTIVE
0306-4565,Journal of thermal biology,9.54926E+11,2.56E+15,Elsevier ScienceDirect Journals Complete,getFullTxt,-1975,ACTIVE
0306-6150,The journal of peasant studies,9.54926E+11,3.81E+15,Taylor & Francis CRKN Social Science and Humanities,getFullTxt,-1997,ACTIVE
0306-9192,Food policy,9.54926E+11,2.56E+15,Elsevier ScienceDirect Journals Complete,getFullTxt,-1975,ACTIVE
0306-9877,Medical hypotheses,9.54923E+11,2.56E+15,Elsevier ScienceDirect Journals Complete,getFullTxt,-1975,ACTIVE
0307-6946,Ecological Entomology,9.54926E+11,2.43E+15,CRKN Wiley Online Library,getFullTxt,-1997,ACTIVE
0307-904X,Applied mathematical modelling,9.54926E+11,2.56E+15,Elsevier ScienceDirect Journals Complete,getFullTxt,-1976,ACTIVE
0308-518X,Environment and Planning A : Economy and Space,9.54926E+11,3.72E+15,Sage CRKN Collection,getFullTxt,-1999,ACTIVE
0308-521X,Agricultural systems,9.54926E+11,2.56E+15,Elsevier ScienceDirect Journals Complete,getFullTxt,-1976,ACTIVE
0308-597X,Marine policy,9.54926E+11,2.56E+15,Elsevier ScienceDirect Journals Complete,getFullTxt,-1977,ACTIVE
0309-1708,Advances in water resources,9.54926E+11,2.56E+15,Elsevier ScienceDirect Journals Complete,getFullTxt,-1977,ACTIVE
0334-2123,Phytoparasitica,9.54926E+11,3.85E+15,SpringerLink Journals - AutoHoldings,getFullTxt,-1997,ACTIVE
0341-8162,Catena (Cremlingen),9.54926E+11,2.56E+15,Elsevier ScienceDirect Journals Complete,getFullTxt,-1973,ACTIVE
0360-1323,Building and environment,9.54926E+11,2.56E+15,Elsevier ScienceDirect Journals Complete,getFullTxt,-1976,ACTIVE
0360-3199,International journal of hydrogen energy,9.54926E+11,2.56E+15,Elsevier ScienceDirect Journals Complete,getFullTxt,-1976,ACTIVE
0361-1981,Transportation research record,1.10986E+14,4.1E+15,Sage CRKN Collection,getFullTxt,-1999,ACTIVE
0364-9059,IEEE Journal of Oceanic Engineering,9.54926E+11,3.86E+15,IEEE Electronic Library (IEL),getFullTxt,-1976,ACTIVE
0367-2530,Flora,9.54926E+11,2.56E+15,Elsevier ScienceDirect Journals Complete,getFullTxt,-1970,ACTIVE
0375-6505,Geothermics,9.54926E+11,2.56E+15,Elsevier ScienceDirect Journals Complete,getFullTxt,-1972,ACTIVE
0376-6357,Behavioural processes,9.54926E+11,2.56E+15,Elsevier ScienceDirect Journals Complete,getFullTxt,-1976,ACTIVE
0377-8401,Animal feed science and technology,9.54926E+11,2.56E+15,Elsevier ScienceDirect Journals Complete,getFullTxt,-1976,ACTIVE
0378-1127,Forest ecology and management,9.54926E+11,2.56E+15,Elsevier ScienceDirect Journals Complete,getFullTxt,-1976,ACTIVE
0378-3774,Agricultural water management,9.54926E+11,2.56E+15,Elsevier ScienceDirect Journals Complete,getFullTxt,-1976,ACTIVE
0378-4274,Toxicology letters,9.54926E+11,2.56E+15,Elsevier ScienceDirect Journals Complete,getFullTxt,-1977,ACTIVE
0378-4290,Field crops research,9.54926E+11,2.56E+15,Elsevier ScienceDirect Journals Complete,getFullTxt,-1978,ACTIVE
0378-4320,Animal reproduction science,9.54926E+11,2.56E+15,Elsevier ScienceDirect Journals Complete,getFullTxt,-1978,ACTIVE
0378-4738,Water SA,9.54926E+11,1E+15,EBSCOhost Academic Search Complete,getFullTxt,-2008,ACTIVE
0378-4754,Mathematics and computers in simulation,9.54926E+11,2.56E+15,Elsevier ScienceDirect Journals Complete,getFullTxt,-1958,ACTIVE
0378-7788,Energy and buildings,9.54926E+11,2.56E+15,Elsevier ScienceDirect Journals Complete,getFullTxt,-1977,ACTIVE
0378-8741,Journal of ethnopharmacology,9.54926E+11,2.56E+15,Elsevier ScienceDirect Journals Complete,getFullTxt,-1979,ACTIVE
0393-5965,Aerobiologia,9.54926E+11,3.85E+15,SpringerLink Journals - AutoHoldings,getFullTxt,-1997,ACTIVE
0536-1036,Izvestii︠a︡ vysshikh uchebnykh zavedeniĭ. Lesnoĭ zhurnal,9.91043E+14,3.71E+15,EBSCOhost Environment Complete,getFullTxt,-2016,ACTIVE
0701-1784,Canadian Water Resources Journal,1.10979E+14,1E+15,Gale OneFile: CPI.Q,getFullTxt,2004-2012,ACTIVE
0716-1182,Chungara: Revista de Antropología Chilena,9.91043E+14,2.67E+15,JSTOR Arts and Sciences IX,getFullTxt,1972-2017,ACTIVE
0733-3188,Zoo Biology,9.54926E+11,2.43E+15,CRKN Wiley Online Library,getFullTxt,-1997,ACTIVE
0734-9750,Biotechnology advances,9.54926E+11,2.56E+15,Elsevier ScienceDirect Journals Complete,getFullTxt,-1983,ACTIVE
0743-0167,Journal of rural studies,9.54926E+11,2.56E+15,Elsevier ScienceDirect Journals Complete,getFullTxt,-1985,ACTIVE
0777-6276,Belgian journal of zoology,9.54926E+11,2.56E+15,EBSCOhost Academic Search Complete,getFullTxt,2010-2020,ACTIVE
0778-4031,Belgian Journal of Botany,9.54929E+11,2.67E+15,JSTOR Life Sciences Collection,getFullTxt,1990-2009,ACTIVE
0790-0627,International Journal of Water Resources Development,9.54925E+11,3.81E+15,Taylor & Francis CRKN Social Science and Humanities,getFullTxt,-1997,ACTIVE
0803-9410,Forum for development studies,1.10979E+14,3.81E+15,Taylor & Francis CRKN Social Science and Humanities,getFullTxt,-1997,ACTIVE
0815-3191,Australasian Plant Pathology,9.54926E+11,3.85E+15,SpringerLink Journals - AutoHoldings,getFullTxt,-1997,ACTIVE
0885-6087,Hydrological Processes,9.54926E+11,2.43E+15,CRKN Wiley Online Library,getFullTxt,-1996,ACTIVE
0885-6095,Western Journal of Applied Forestry,1.10979E+14,2.67E+15,EBSCOhost Academic Search Complete,getFullTxt,2009-2013,ACTIVE
0886-9375,Regulated Rivers: Research & Management,9.54926E+11,2.52E+15,CRKN Wiley Online Library,getFullTxt,1996-2001,ACTIVE
0890-5487,China Ocean Engineering,9.54926E+11,3.85E+15,SpringerLink Journals - AutoHoldings,getFullTxt,-2011,ACTIVE
0892-1016,Journal of Raptor Research,9.54926E+11,3.85E+15,EBSCOhost Academic Search Complete,getFullTxt,-2013,ACTIVE
0898-1221,Computers & mathematics with applications (1987),9.54926E+11,2.56E+15,Elsevier ScienceDirect Journals Complete,getFullTxt,-1975,ACTIVE
0899-7659,Journal of aquatic animal health,9.54926E+11,4.1E+15,MacEwan EBSCO Electronic Journals Service,getFullTxt,2011-2013,ACTIVE
0906-4702,"Acta agriculturæ Scandinavica. Section A, Animal science",9.54926E+11,1E+15,EBSCOhost Academic Search Complete,getFullTxt,1998-2020,ACTIVE
0906-6691,Ecology of Freshwater Fish,9.54926E+11,2.43E+15,CRKN Wiley Online Library,getFullTxt,-1997,ACTIVE
0909-6396,Wildlife Biology,9.54926E+11,2.67E+15,EBSCOhost Academic Search Complete,getFullTxt,-2010,ACTIVE
0921-3449,"Resources, conservation and recycling",9.54926E+11,2.56E+15,Elsevier ScienceDirect Journals Complete,getFullTxt,-1988,ACTIVE
0921-4488,Small ruminant research,9.54926E+11,2.56E+15,Elsevier ScienceDirect Journals Complete,getFullTxt,-1988,ACTIVE
0921-8009,Ecological economics (Amsterdam),9.54926E+11,2.56E+15,Elsevier ScienceDirect Journals Complete,getFullTxt,-1989,ACTIVE
0921-8181,Global and planetary change,9.54926E+11,2.56E+15,Elsevier ScienceDirect Journals Complete,getFullTxt,-1989,ACTIVE
0921-8971,Journal of Applied Phycology,9.54926E+11,3.85E+15,SpringerLink Journals - AutoHoldings,getFullTxt,-1997,ACTIVE
0924-090X,Nonlinear Dynamics,9.54926E+11,3.85E+15,SpringerLink Journals - AutoHoldings,getFullTxt,-1997,ACTIVE
0924-2244,Trends in food science & technology (Regular ed.),9.54926E+11,2.56E+15,Elsevier ScienceDirect Journals Complete,getFullTxt,-1990,ACTIVE
0924-2716,ISPRS journal of photogrammetry and remote sensing,9.54926E+11,2.56E+15,Elsevier ScienceDirect Journals Complete,getFullTxt,-1989,ACTIVE
0924-7963,Journal of marine systems,9.54926E+11,2.56E+15,Elsevier ScienceDirect Journals Complete,getFullTxt,-1990,ACTIVE
0925-8574,Ecological engineering,9.54926E+11,2.56E+15,Elsevier ScienceDirect Journals Complete,getFullTxt,-1992,ACTIVE
0925-9864,Genetic Resources and Crop Evolution,9.54926E+11,3.85E+15,SpringerLink Journals - AutoHoldings,getFullTxt,-1997,ACTIVE
0926-6690,Industrial crops and products,9.54926E+11,2.56E+15,Elsevier ScienceDirect Journals Complete,getFullTxt,-1992,ACTIVE
0928-7655,Resource and energy economics,9.54921E+11,2.56E+15,Elsevier ScienceDirect Journals Complete,getFullTxt,-1993,ACTIVE
0929-1393,Applied soil ecology,9.54926E+11,2.56E+15,Elsevier ScienceDirect Journals Complete,getFullTxt,-1994,ACTIVE
0931-1890,Trees - Structure and Function,9.54926E+11,3.85E+15,SpringerLink Journals - AutoHoldings,getFullTxt,-1997,ACTIVE
0931-2048,Journal of Applied Entomology,9.54926E+11,2.43E+15,CRKN Wiley Online Library,getFullTxt,-1997,ACTIVE
0932-4739,European journal of protistology,9.54926E+11,2.56E+15,Elsevier ScienceDirect Journals Complete,getFullTxt,-1987,ACTIVE
0937-7409,Chemoecology,9.54933E+11,3.85E+15,SpringerLink Journals - AutoHoldings,getFullTxt,-1998,ACTIVE
0951-4198,Rapid Communications in Mass Spectrometry,9.54926E+11,2.43E+15,CRKN Wiley Online Library,getFullTxt,-1996,ACTIVE
0952-1976,Engineering applications of artificial intelligence,9.54926E+11,2.56E+15,Elsevier ScienceDirect Journals Complete,getFullTxt,-1988,ACTIVE
0954-1020,Antarctic Science,9.54926E+11,3.24E+15,CRKN Cambridge University Press Journals,getFullTxt,-1989,ACTIVE
0956-7135,Food control,9.54926E+11,2.56E+15,Elsevier ScienceDirect Journals Complete,getFullTxt,-1990,ACTIVE
0959-2709,Bird Conservation International,9.54926E+11,3.24E+15,CRKN Cambridge University Press Journals,getFullTxt,-2000,ACTIVE
0959-3780,Global environmental change,9.54926E+11,2.56E+15,Elsevier ScienceDirect Journals Complete,getFullTxt,-1990,ACTIVE
0959-6526,Journal of cleaner production,9.54926E+11,2.56E+15,Elsevier ScienceDirect Journals Complete,getFullTxt,-1993,ACTIVE
0960-0779,"Chaos, solitons and fractals",9.54926E+11,2.56E+15,Elsevier ScienceDirect Journals Complete,getFullTxt,-1991,ACTIVE
0960-2585,Seed Science Research,9.54925E+11,3.24E+15,CRKN Cambridge University Press Journals,getFullTxt,-1999,ACTIVE
0960-9822,Current biology,9.54926E+11,2.56E+15,Elsevier ScienceDirect Journals Complete,getFullTxt,1995-2020,ACTIVE
0961-9534,Biomass & bioenergy,9.54926E+11,2.56E+15,Elsevier ScienceDirect Journals Complete,getFullTxt,-1991,ACTIVE
0962-1083,Molecular Ecology,9.54926E+11,2.43E+15,CRKN Wiley Online Library,getFullTxt,-1997,ACTIVE
0962-6298,Political geography,9.54926E+11,2.56E+15,Elsevier ScienceDirect Journals Complete,getFullTxt,-1992,ACTIVE
0963-9969,Food research international,9.54926E+11,2.56E+15,Elsevier ScienceDirect Journals Complete,getFullTxt,-1992,ACTIVE
0964-5691,Ocean & coastal management,9.54926E+11,2.56E+15,Elsevier ScienceDirect Journals Complete,getFullTxt,-1992,ACTIVE
0964-8305,International biodeterioration & biodegradation,9.54926E+11,2.56E+15,Elsevier ScienceDirect Journals Complete,getFullTxt,-1992,ACTIVE
0966-6923,Journal of transport geography,9.54926E+11,2.56E+15,Elsevier ScienceDirect Journals Complete,getFullTxt,-1993,ACTIVE
0966-9582,Journal of sustainable tourism,9.54925E+11,3.81E+15,Taylor & Francis CRKN Social Science and Humanities,getFullTxt,-1997,ACTIVE
0967-0262,European journal of phycology,9.54925E+11,1E+15,EBSCOhost Academic Search Complete,getFullTxt,2003-2020,ACTIVE
0967-0335,Journal of Near Infrared Spectroscopy,9.54926E+11,3.78E+15,Sage CRKN Collection,getFullTxt,-1999,ACTIVE
0967-0637,Deep-sea research. Part 1. Oceanographic research papers,9.54926E+11,2.56E+15,Elsevier ScienceDirect Journals Complete,getFullTxt,-1993,ACTIVE
0967-0645,Deep-sea research. Part 2. Topical studies in oceanography,9.54926E+11,2.56E+15,Elsevier ScienceDirect Journals Complete,getFullTxt,-1993,ACTIVE
0967-6120,Aquaculture International,9.54926E+11,3.85E+15,SpringerLink Journals - AutoHoldings,getFullTxt,-1997,ACTIVE
0971-3514,Differential Equations and Dynamical Systems,1E+15,3.85E+15,SpringerLink Journals - AutoHoldings,getFullTxt,-2008,ACTIVE
0972-4923,Conservation & Society,1E+15,2.67E+15,EBSCOhost Environment Complete,getFullTxt,-2009,ACTIVE
0972-9860,"Asian Journal of Water, Environment and Pollution",1E+15,3.71E+15,EBSCOhost Environment Complete,getFullTxt,2015-2021,ACTIVE
1002-0063,Chinese Geographical Science,1.10979E+14,3.85E+15,SpringerLink Journals - AutoHoldings,getFullTxt,-1997,ACTIVE
1002-0071,Progress in Natural Science Materials International,9.54926E+11,2.56E+15,Elsevier ScienceDirect Journals Complete,getFullTxt,-2008,ACTIVE
1002-0160,PEDOSPHERE,1.10979E+14,2.56E+15,Elsevier ScienceDirect Journals Complete,getFullTxt,-2006,ACTIVE
1007-5704,Communications in nonlinear science & numerical simulation,1.10976E+14,2.56E+15,Elsevier ScienceDirect Journals Complete,getFullTxt,-1996,ACTIVE
1007-662X,Journal of Forestry Research,1E+15,3.85E+15,SpringerLink Journals - AutoHoldings,getFullTxt,-1997,ACTIVE
1009-637X,Journal of Geographical Sciences,9.91043E+14,3.85E+15,SpringerLink Journals - AutoHoldings,getFullTxt,-2001,ACTIVE
1011-2367,Asian - Australasian Journal of Animal Sciences,9.54929E+11,2.67E+15,Business Insights: Essentials,getFullTxt,-2007,ACTIVE
1017-0839,"Terrestrial, Atmospheric and Oceanic Sciences",9.54926E+11,1E+15,EBSCOhost Academic Search Complete,getFullTxt,-2007,ACTIVE
1018-7081,The Journal of Animal and Plant Sciences,2.48E+15,2.56E+15,EBSCOhost Academic Search Complete,getFullTxt,-2013,ACTIVE
1021-3589,African Entomology,9.54926E+11,3.85E+15,EBSCOhost Academic Search Complete,getFullTxt,-2016,ACTIVE
1022-0119,African journal of range & forage science,1.10979E+14,1E+15,EBSCOhost Environment Complete,getFullTxt,2008-2020,ACTIVE
1035-3712,Wildlife Research,9.54926E+11,1.10976E+14,MacEwan EBSCO Electronic Journals Service,getFullTxt,-1974,ACTIVE
1040-6182,Quaternary international,9.54926E+11,2.56E+15,Elsevier ScienceDirect Journals Complete,getFullTxt,-1989,ACTIVE
1049-9644,Biological control,9.54923E+11,2.56E+15,Elsevier ScienceDirect Journals Complete,getFullTxt,-1991,ACTIVE
1050-3862,Genetic analysis,9.54926E+11,2.56E+15,Elsevier ScienceDirect Journals Complete,getFullTxt,1991-1999,ACTIVE
1052-7613,Aquatic Conservation: Marine and Freshwater Ecosystems,9.54929E+11,2.43E+15,CRKN Wiley Online Library,getFullTxt,-1997,ACTIVE
1054-9811,Journal of sustainable forestry,1.10976E+14,1E+15,EBSCOhost Environment Complete,getFullTxt,2000-2020,ACTIVE
1055-7903,Molecular phylogenetics and evolution,9.54923E+11,2.56E+15,Elsevier ScienceDirect Journals Complete,getFullTxt,-1992,ACTIVE
1061-2971,Restoration Ecology,9.54926E+11,2.43E+15,CRKN Wiley Online Library,getFullTxt,-1997,ACTIVE
1063-0740,Russian Journal of Marine Biology,1.10975E+14,3.85E+15,SpringerLink Journals - AutoHoldings,getFullTxt,-2000,ACTIVE
1063-1801,Configurations,9.54926E+11,1E+15,Project Muse Premium Collection,getFullTxt,-1993,ACTIVE
1064-2293,Eurasian Soil Science,9.54926E+11,3.85E+15,SpringerLink Journals - AutoHoldings,getFullTxt,-2006,ACTIVE
1066-5234,The Journal of Eukaryotic Microbiology,9.54926E+11,2.43E+15,CRKN Wiley Online Library,getFullTxt,-1997,ACTIVE
1074-4827,Human Ecology Review,1.10976E+14,1E+15,EBSCOhost Environment Complete,getFullTxt,-2005,ACTIVE
1076-2825,Ecosystem Health,9.54926E+11,1E+15,EBSCOhost Academic Search Complete,getFullTxt,1998-2001,ACTIVE
1080-7039,Human and Ecological Risk Assessment,9.54926E+11,2.55E+15,Public Health Database,getFullTxt,2003-2007,ACTIVE
1083-4427,"IEEE Transactions on Systems, Man, and Cybernetics - Part A: Systems and Humans",9.54926E+11,3.86E+15,IEEE Electronic Library (IEL),getFullTxt,1996-2012,ACTIVE
1084-2020,ILAR Journal,1.10979E+14,4.33E+15,CRKN Oxford University Press Current,getFullTxt,-1997,ACTIVE
1095-5674,The Journal of the Torrey Botanical Society,9.54929E+11,1E+15,JSTOR Life Sciences Collection,getFullTxt,1997-2017,ACTIVE
1095-6433,"Comparative biochemistry and physiology. Part A, Molecular & integrative physiology",9.54926E+11,2.56E+15,Elsevier ScienceDirect Journals Complete,getFullTxt,-1998,ACTIVE
1110-9823,The Egyptian journal of remote sensing and space sciences,2.67E+15,2.56E+15,Elsevier ScienceDirect Journals Complete,getFullTxt,-2010,ACTIVE
1126-3504,Plant Biosystems,1.10979E+14,1E+15,EBSCOhost Academic Search Complete,getFullTxt,2004-2020,ACTIVE
1129-5767,Journal of limnology,1.10979E+14,3.71E+15,EBSCOhost Environment Complete,getFullTxt,-2015,ACTIVE
1146-609X,Acta oecologica (Montrouge),9.54926E+11,2.56E+15,Elsevier ScienceDirect Journals Complete,getFullTxt,-1997,ACTIVE
1161-0301,European journal of agronomy,9.54926E+11,2.56E+15,Elsevier ScienceDirect Journals Complete,getFullTxt,-1992,ACTIVE
1164-5563,European journal of soil biology,9.54926E+11,2.56E+15,Elsevier ScienceDirect Journals Complete,getFullTxt,-1998,ACTIVE
1195-5449,Conservation Ecology,1.10977E+14,1E+15,EBSCOhost Environment Complete,getFullTxt,1997-2003,ACTIVE
1226-5934,International Journal of Urban Sciences,9.91043E+14,3.81E+15,Taylor & Francis CRKN Social Science and Humanities,getFullTxt,-1998,ACTIVE
1226-8615,Journal of Asia Pacific Entomology,1E+15,2.56E+15,Elsevier ScienceDirect Journals Complete,getFullTxt,-1998,ACTIVE
1234-1983,Journal of Applied Genetics,1.10976E+14,3.85E+15,SpringerLink Journals - AutoHoldings,getFullTxt,-2006,ACTIVE
1239-6095,Boreal Environment Research,1.10976E+14,1E+15,EBSCOhost Environment Complete,getFullTxt,-2005,ACTIVE
1296-2074,Journal of cultural heritage,9.74393E+11,2.56E+15,Elsevier ScienceDirect Journals Complete,getFullTxt,-2000,ACTIVE
1300-008X,Turkish journal of botany,1.10979E+14,1E+15,EBSCOhost Academic Search Complete,getFullTxt,-2002,ACTIVE
1300-0179,Türk zooloji dergisi,1.10979E+14,1E+15,EBSCOhost Academic Search Complete,getFullTxt,-2002,ACTIVE
1300-1361,Ekoloji,1E+15,1E+15,EBSCOhost Environment Complete,getFullTxt,-2007,ACTIVE
1305-7707,Journal of Pediatric Infectious Diseases,1E+15,1E+15,EBSCOhost Academic Search Complete,getFullTxt,2006-2014,ACTIVE
1313-2989,Zookeys,1E+15,2.55E+15,EBSCOhost Academic Search Complete,getFullTxt,-2010,ACTIVE
1319-562X,Saudi Journal of Biological Sciences,1E+15,2.56E+15,Elsevier ScienceDirect Journals Complete,getFullTxt,-2009,ACTIVE
1325-2224,Journal of Economic and Social Policy,1.11093E+14,2.67E+15,ABI/INFORM Collection,getFullTxt,2012-2015,ACTIVE
1331-677X,Ekonomska Istrazivanja,1E+15,2.56E+15,ABI/INFORM Collection,getFullTxt,"2010-2017,2019-",ACTIVE
1350-4495,Infrared physics & technology,9.54926E+11,2.56E+15,Elsevier ScienceDirect Journals Complete,getFullTxt,-1994,ACTIVE
1350-4509,International Journal of Sustainable Development and World Ecology,9.54926E+11,3.81E+15,Taylor & Francis CRKN Social Science and Humanities,getFullTxt,-1997,ACTIVE
1351-0754,European Journal of Soil Science,9.54926E+11,2.43E+15,CRKN Wiley Online Library,getFullTxt,-1997,ACTIVE
1352-2310,Atmospheric environment (1994),9.54926E+11,2.56E+15,Elsevier ScienceDirect Journals Complete,getFullTxt,-1994,ACTIVE
1354-1013,Global Change Biology,9.54926E+11,2.43E+15,CRKN Wiley Online Library,getFullTxt,-1997,ACTIVE
1355-557X,Aquaculture Research,9.54926E+11,2.43E+15,CRKN Wiley Online Library,getFullTxt,-1997,ACTIVE
1360-1385,Trends in plant science,9.54926E+11,2.56E+15,Elsevier ScienceDirect Journals Complete,getFullTxt,-1996,ACTIVE
1361-9209,"Transportation research. Part D, Transport and environment",9.54926E+11,2.56E+15,Elsevier ScienceDirect Journals Complete,getFullTxt,-1996,ACTIVE
1364-0321,Renewable & sustainable energy reviews,9.54926E+11,2.56E+15,Elsevier ScienceDirect Journals Complete,getFullTxt,-1997,ACTIVE
1364-503X,"Philosophical Transactions: Mathematical, Physical and Engineering Sciences",9.54926E+11,1E+15,JSTOR Life Sciences Collection,getFullTxt,1996-2017,ACTIVE
1364-8152,Environmental modelling & software,9.54926E+11,2.56E+15,Elsevier ScienceDirect Journals Complete,getFullTxt,-1997,ACTIVE
1366-7017,Water policy,9.74393E+11,3.81E+15,ABI/INFORM Collection,getFullTxt,2003-2020,ACTIVE
1367-9430,Animal Conservation,9.54925E+11,2.43E+15,CRKN Wiley Online Library,getFullTxt,-1998,ACTIVE
1368-3500,Current issues in tourism,9.54925E+11,3.81E+15,Taylor & Francis CRKN Social Science and Humanities,getFullTxt,-1998,ACTIVE
1369-5274,Current opinion in microbiology,9.54926E+11,2.56E+15,Elsevier ScienceDirect Journals Complete,getFullTxt,-1998,ACTIVE
1369-8478,"Transportation research. Part F, Traffic psychology and behaviour",9.54926E+11,2.56E+15,Elsevier ScienceDirect Journals Complete,getFullTxt,-1998,ACTIVE
1383-5769,Parasitology international,9.54926E+11,2.56E+15,Elsevier ScienceDirect Journals Complete,getFullTxt,-1997,ACTIVE
1385-1101,Journal of sea research (Den Burg. Print),9.54926E+11,2.56E+15,Elsevier ScienceDirect Journals Complete,getFullTxt,-1996,ACTIVE
1385-1314,Nutrient Cycling in Agroecosystems,9.54926E+11,3.85E+15,SpringerLink Journals - AutoHoldings,getFullTxt,-1997,ACTIVE
1386-1425,"Spectrochimica acta. Part A, Molecular and biomolecular spectroscopy",9.54926E+11,2.56E+15,Elsevier ScienceDirect Journals Complete,getFullTxt,-1995,ACTIVE
1386-6141,BioControl,9.54926E+11,3.85E+15,SpringerLink Journals - AutoHoldings,getFullTxt,-1997,ACTIVE
1389-224X,The Journal of agricultural education and extension,1.10992E+14,3.81E+15,Taylor & Francis CRKN Social Science and Humanities,getFullTxt,-1998,ACTIVE
1389-9341,Forest policy and economics,1.10979E+14,2.56E+15,Elsevier ScienceDirect Journals Complete,getFullTxt,-2000,ACTIVE
1392-2130,Veterinarija ir Zootechnika,1E+15,1E+15,EBSCOhost Academic Search Complete,getFullTxt,-2005,ACTIVE
1392-2785,Inžinerinė ekonomika,9.91043E+14,1E+15,EBSCOhost Business Source Complete,getFullTxt,-2006,ACTIVE
1405-0471,Madera Y Bosques,9.91043E+14,1E+15,EBSCOhost Academic Search Complete,getFullTxt,2004-2019,ACTIVE
1433-8319,"Perspectives in plant ecology, evolution and systematics",1.10976E+14,2.56E+15,Elsevier ScienceDirect Journals Complete,getFullTxt,-1998,ACTIVE
1434-4610,Protist (Jena. Print),9.54926E+11,2.56E+15,Elsevier ScienceDirect Journals Complete,getFullTxt,-1998,ACTIVE
1435-8603,Plant Biology,9.54926E+11,2.43E+15,CRKN Wiley Online Library,getFullTxt,-1999,ACTIVE
1437-4781,Forest Pathology,1.10976E+14,2.43E+15,CRKN Wiley Online Library,getFullTxt,-2000,ACTIVE
1438-4639,International journal of hygiene and environmental health,1.10986E+14,2.56E+15,Elsevier ScienceDirect Journals Complete,getFullTxt,-2000,ACTIVE
1439-1791,Basic and applied ecology,1.10976E+14,2.56E+15,Elsevier ScienceDirect Journals Complete,getFullTxt,-2000,ACTIVE
1442-9985,Austral Ecology,9.63018E+11,2.43E+15,CRKN Wiley Online Library,getFullTxt,-2000,ACTIVE
1448-6563,Australasian journal of environmental management,1E+15,1E+15,EBSCOhost Environment Complete,getFullTxt,2007-2012,ACTIVE
1460-7425,JASSS,9.54925E+11,1E+15,EBSCOhost SocINDEX with Full Text,getFullTxt,-2005,ACTIVE
1461-023X,Ecology Letters,9.54926E+11,2.43E+15,CRKN Wiley Online Library,getFullTxt,-1998,ACTIVE
1461-6688,Tourism geographies,9.54925E+11,3.81E+15,Taylor & Francis CRKN Social Science and Humanities,getFullTxt,-1999,ACTIVE
1462-9011,Environmental science & policy,9.54926E+11,2.56E+15,Elsevier ScienceDirect Journals Complete,getFullTxt,-1998,ACTIVE
1464-1909,"Physics and chemistry of the earth. Part B: Hydrology, oceans and atmosphere",9.54926E+11,2.56E+15,Elsevier ScienceDirect Journals Complete,getFullTxt,1999-2001,ACTIVE
1464-7931,Biological Reviews,1.10976E+14,2.43E+15,CRKN Wiley Online Library,getFullTxt,-1997,ACTIVE
1466-0466,Environmental Practice,1.10979E+14,3.71E+15,CRKN Cambridge University Press Journals,getFullTxt,2007-2016,ACTIVE
1469-3062,Climate policy,1.11002E+14,2.55E+15,ABI/INFORM Collection,getFullTxt,2008-2013,ACTIVE
1470-160X,Ecological indicators,1.11012E+14,2.56E+15,Elsevier ScienceDirect Journals Complete,getFullTxt,-2001,ACTIVE
1473-5903,International Journal of Agricultural Sustainability,1.11083E+14,2.56E+15,ABI/INFORM Collection,getFullTxt,2008-2013,ACTIVE
1474-7065,Physics and chemistry of the earth,1.11006E+14,2.56E+15,Elsevier ScienceDirect Journals Complete,getFullTxt,-2002,ACTIVE
1476-945X,Ecological complexity,1.1108E+14,2.56E+15,Elsevier ScienceDirect Journals Complete,getFullTxt,-2004,ACTIVE
1477-2000,Systematics and Biodiversity,1.11057E+14,2.67E+15,EBSCOhost Academic Search Complete,getFullTxt,2010-2020,ACTIVE
1519-566X,Neotropical Entomology,9.91043E+14,3.85E+15,SpringerLink Journals - AutoHoldings,getFullTxt,-2012,ACTIVE
1522-6514,International Journal of Phytoremediation,1.10979E+14,1E+15,EBSCOhost Academic Search Complete,getFullTxt,2002-2020,ACTIVE
1523-908X,Journal of Environmental Policy and Planning,9.58635E+11,3.81E+15,Taylor & Francis CRKN Social Science and Humanities,getFullTxt,-1999,ACTIVE
1524-4695,Waterbirds: The International Journal of Waterbird Biology,1.10999E+14,1E+15,JSTOR Life Sciences Collection,getFullTxt,1999-2015,ACTIVE
1526-498X,Pest Management Science,9.58635E+11,2.43E+15,CRKN Wiley Online Library,getFullTxt,-2000,ACTIVE
1527-0904,Western North American Naturalist,1.10976E+14,2.67E+15,EBSCOhost Academic Search Complete,getFullTxt,-2010,ACTIVE
1527-5922,Environmental Forensics,9.61067E+11,1E+15,EBSCOhost Environment Complete,getFullTxt,2000-2020,ACTIVE
1535-1459,River Research and Applications,1.11006E+14,2.43E+15,CRKN Wiley Online Library,getFullTxt,-2002,ACTIVE
1545-5955,IEEE Transactions on Automation Science and Engineering,1.11099E+14,3.86E+15,IEEE Electronic Library (IEL),getFullTxt,-2004,ACTIVE
1551-3203,IEEE Transactions on Industrial Informatics,1E+15,3.86E+15,IEEE Electronic Library (IEL),getFullTxt,-2005,ACTIVE
1567-1348,"Infection, genetics and evolution",1.11012E+14,2.56E+15,Elsevier ScienceDirect Journals Complete,getFullTxt,-2001,ACTIVE
1568-7767,Phytochemistry Reviews,1.11022E+14,3.85E+15,SpringerLink Journals - AutoHoldings,getFullTxt,-2002,ACTIVE
1568-9883,Harmful algae,1.1103E+14,2.56E+15,Elsevier ScienceDirect Journals Complete,getFullTxt,-2002,ACTIVE
1569-190X,Simulation modelling practice and theory,1.11025E+14,2.56E+15,Elsevier ScienceDirect Journals Complete,getFullTxt,-2002,ACTIVE
1570-7555,Animal Biology,1.11057E+14,1E+15,EBSCOhost Academic Search Complete,getFullTxt,2003-2020,ACTIVE
1573-062X,Urban water journal,1E+15,1E+15,EBSCOhost Academic Search Complete,getFullTxt,2005-2020,ACTIVE
1573-5214,NJAS Wageningen journal of life sciences,1E+15,2.56E+15,Elsevier ScienceDirect Journals Complete,getFullTxt,2000-2020,ACTIVE
1574-9541,Ecological informatics,1E+15,2.56E+15,Elsevier ScienceDirect Journals Complete,getFullTxt,-2006,ACTIVE
1582-9146,Amfiteatru Economic,2.52E+15,2.67E+15,ABI/INFORM Collection,getFullTxt,-2012,ACTIVE
1582-9596,Environmental Engineering & Management Journal (EEMJ),1E+15,1E+15,EBSCOhost Environment Complete,getFullTxt,-2002,ACTIVE
1589-1623,Applied ecology and environmental research,1E+15,3.85E+15,EBSCOhost Environment Complete,getFullTxt,-2017,ACTIVE
1612-4669,European Journal of Forest Research,1.11074E+14,3.85E+15,SpringerLink Journals - AutoHoldings,getFullTxt,-1997,ACTIVE
1616-5047,Mammalian Biology,1.10999E+14,4.1E+15,SpringerLink Journals - AutoHoldings,getFullTxt,-2002,ACTIVE
1617-1381,Journal for nature conservation,1.11035E+14,2.56E+15,Elsevier ScienceDirect Journals Complete,getFullTxt,-2002,ACTIVE
1618-8667,Urban forestry & urban greening,1.11035E+14,2.56E+15,Elsevier ScienceDirect Journals Complete,getFullTxt,-2002,ACTIVE
1631-0691,Comptes rendus. Biologies,1.11021E+14,2.56E+15,Elsevier ScienceDirect Journals Complete,getFullTxt,2002-2019,ACTIVE
1631-0713,Comptes rendus. Géoscience,1.11021E+14,2.56E+15,Elsevier ScienceDirect Journals Complete,getFullTxt,2002-2019,ACTIVE
1641-1307,DENDROBIOLOGY,9.91043E+14,1E+15,EBSCOhost Academic Search Complete,getFullTxt,-2009,ACTIVE
1644-0730,Acta Scientiarum Polonorum. Technologia Alimentaria,1E+15,1E+15,EBSCOhost Academic Search Complete,getFullTxt,-2008,ACTIVE
1661-5751,Journal für Verbraucherschutz und Lebensmittelsicherheit,1E+15,3.85E+15,SpringerLink Journals - AutoHoldings,getFullTxt,-2006,ACTIVE
1664-2201,Alpine Botany,2.94E+15,3.85E+15,SpringerLink Journals - AutoHoldings,getFullTxt,-2005,ACTIVE
1673-1581,Journal of Zhejiang University - Science B,1E+15,3.85E+15,SpringerLink Journals - AutoHoldings,getFullTxt,-2005,ACTIVE
1674-6767,Journal of Arid Land,2.66E+15,3.85E+15,SpringerLink Journals - AutoHoldings,getFullTxt,-2013,ACTIVE
1674-7313,Science China Earth Sciences,1E+15,3.85E+15,SpringerLink Journals - AutoHoldings,getFullTxt,-1997,ACTIVE
1674-7321,Science China Technological Sciences,1E+15,3.85E+15,SpringerLink Journals - AutoHoldings,getFullTxt,-1997,ACTIVE
1679-0073,Natureza & conservação,1E+15,2.56E+15,Elsevier ScienceDirect Journals Complete,getFullTxt,2014-2016,ACTIVE
1708-3087,Ecology and Society,1.11075E+14,1E+15,EBSCOhost Environment Complete,getFullTxt,-2006,ACTIVE
1712-6568,Avian Conservation and Ecology,1E+15,1E+15,EBSCOhost Environment Complete,getFullTxt,-2005,ACTIVE
1712-9664,McGill International Journal of Sustainable Development Law and Policy / Revue internationale de droit et politique du développement durable de McGill,1E+15,2.67E+15,Canadian Business & Current Affairs Database,getFullTxt,2013-2014,ACTIVE
1726-2135,Journal of Environmental Informatics,1E+15,2.67E+15,EBSCOhost Environment Complete,getFullTxt,-2006,ACTIVE
1730-413X,Oceanological and Hydrobiological Studies,1E+15,3.85E+15,SpringerLink Journals - AutoHoldings,getFullTxt,2011-2014,ACTIVE
1742-1705,Renewable Agriculture and Food Systems,1.11085E+14,3.24E+15,CRKN Cambridge University Press Journals,getFullTxt,-2004,ACTIVE
1742-5689,Interface / Journal of the Royal Society interface,1E+15,5.49E+15,Royal Society Publishing,getFullTxt,-2004,ACTIVE
1744-2648,Evidence & policy,1.11098E+14,1E+15,EBSCOhost SocINDEX with Full Text,getFullTxt,2007-2017,ACTIVE
1744-5647,Journal of maps,1E+15,1E+15,EBSCOhost Academic Search Complete,getFullTxt,-2008,ACTIVE
1744-9561,Biology Letters,1E+15,5.28E+15,Royal Society Publishing,getFullTxt,-2005,ACTIVE
1747-7778,Journal of Simulation,1E+15,3.71E+15,ABI/INFORM Collection,getFullTxt,2006-2017,ACTIVE
1749-4613,Fungal biology reviews,1E+15,2.56E+15,Elsevier ScienceDirect Journals Complete,getFullTxt,-2007,ACTIVE
1749-4869,Integrative Zoology,1E+15,1E+15,EBSCOhost Academic Search Complete,getFullTxt,2006-2020,ACTIVE
1750-5836,International journal of greenhouse gas control,1E+15,2.56E+15,Elsevier ScienceDirect Journals Complete,getFullTxt,-2007,ACTIVE
1750-6816,Review of Environmental Economics and Policy,1E+15,1E+15,EBSCOhost Environment Complete,getFullTxt,2007-2020,ACTIVE
1753-318X,Journal of Flood Risk Management,1E+15,3.79E+15,CRKN Wiley Online Library,getFullTxt,2016-2019,ACTIVE
1753-8947,International journal of digital earth,1E+15,1E+15,EBSCOhost Academic Search Complete,getFullTxt,2008-2020,ACTIVE
1754-5048,Fungal Ecology,1E+15,2.56E+15,Elsevier ScienceDirect Journals Complete,getFullTxt,-2008,ACTIVE
1755-098X,Molecular Ecology Resources,1E+15,2.43E+15,CRKN Wiley Online Library,getFullTxt,-2008,ACTIVE
1755-263X,Conservation Letters,1E+15,1E+15,EBSCOhost Academic Search Complete,getFullTxt,-2008,ACTIVE
1755-6910,Earth and environmental science transactions of the Royal Society of Edinburgh,1E+15,3.24E+15,CRKN Cambridge University Press Journals,getFullTxt,-2007,ACTIVE
1757-1693,GCB Bioenergy,1E+15,2.55E+15,EBSCOhost Academic Search Complete,getFullTxt,-2010,ACTIVE
1759-9660,Analytical methods,1E+15,3.28E+15,CRKN Royal Society of Chemistry Journals Gold,getFullTxt,-2009,ACTIVE
1798-6540,Aquatic Invasions,2.49E+15,3.71E+15,EBSCOhost Environment Complete,getFullTxt,-2012,ACTIVE
1803-8417,European Countryside,1E+15,2.56E+15,EBSCOhost Academic Search Complete,getFullTxt,-2013,ACTIVE
1814-232X,African journal of marine science,1E+15,1E+15,EBSCOhost Academic Search Complete,getFullTxt,2008-2020,ACTIVE
1827-9635,Acta Herpetologica,1E+15,2.67E+15,EBSCOhost Academic Search Complete,getFullTxt,-2009,ACTIVE
1844-8135,Annals of Forest Research,2.48E+15,2.67E+15,EBSCOhost Environment Complete,getFullTxt,-2013,ACTIVE
1861-3829,Journal of Plant Diseases and Protection,1E+15,3.85E+15,SpringerLink Journals - AutoHoldings,getFullTxt,-2003,ACTIVE
1862-6033,Journal of landscape architecture,1E+15,3.81E+15,Taylor & Francis CRKN Social Science and Humanities,getFullTxt,-2006,ACTIVE
1863-0650,"CLEAN – Soil, Air, Water",1E+15,2.43E+15,CRKN Wiley Online Library,getFullTxt,-2007,ACTIVE
1866-7511,Arabian Journal of Geosciences,1E+15,3.85E+15,SpringerLink Journals - AutoHoldings,getFullTxt,-2008,ACTIVE
1866-9298,Applied Geomatics,1E+15,3.85E+15,SpringerLink Journals - AutoHoldings,getFullTxt,-2009,ACTIVE
1867-1616,Marine Biodiversity,1E+15,3.85E+15,SpringerLink Journals - AutoHoldings,getFullTxt,-1998,ACTIVE
1870-3453,Revista Mexicana de biodiversidad,1E+15,2.56E+15,Elsevier ScienceDirect Journals Complete,getFullTxt,2013-2017,ACTIVE
1871-1014,Quaternary geochronology,1E+15,2.56E+15,Elsevier ScienceDirect Journals Complete,getFullTxt,-2006,ACTIVE
1872-7859,Maritime Studies,2.67E+15,3.85E+15,SpringerLink Journals - AutoHoldings,getFullTxt,-2012,ACTIVE
1872-8855,Arthropod-Plant Interactions,1E+15,3.85E+15,SpringerLink Journals - AutoHoldings,getFullTxt,-2007,ACTIVE
1873-7617,Small-Scale Forestry,1E+15,3.85E+15,SpringerLink Journals - AutoHoldings,getFullTxt,-2002,ACTIVE
1874-463X,Applied Spatial Analysis and Policy,1E+15,3.85E+15,SpringerLink Journals - AutoHoldings,getFullTxt,-2008,ACTIVE
1875-1768,Forensic Science International: Genetics Supplement Series,1E+15,2.56E+15,Elsevier ScienceDirect Journals Complete,getFullTxt,-2008,ACTIVE
1875-9637,Aeolian research,1E+15,2.56E+15,Elsevier ScienceDirect Journals Complete,getFullTxt,-2009,ACTIVE
1876-4517,Food Security,1E+15,3.85E+15,SpringerLink Journals - AutoHoldings,getFullTxt,-2009,ACTIVE
1877-3435,Current Opinion in Environmental Sustainability,1E+15,2.56E+15,Elsevier ScienceDirect Journals Complete,getFullTxt,-2009,ACTIVE
1877-7252,Conservation Genetics Resources,1E+15,3.85E+15,SpringerLink Journals - AutoHoldings,getFullTxt,-2009,ACTIVE
1895-104X,Central European Journal of Biology,1E+15,3.85E+15,SpringerLink Journals - AutoHoldings,getFullTxt,2006-2014,ACTIVE
1911-4745,Comparative Cognition & Behavior Reviews,1E+15,1E+15,EBSCOhost Academic Search Complete,getFullTxt,-2008,ACTIVE
1931-5244,Translational Research,1E+15,2.56E+15,Elsevier ScienceDirect Journals Complete,getFullTxt,-2006,ACTIVE
1932-104X,"Biofuels, Bioproducts and Biorefining",1E+15,3.79E+15,CRKN Wiley Online Library,getFullTxt,-2007,ACTIVE
1932-6157,The Annals of Applied Statistics,1E+15,2.67E+15,JSTOR Arts and Sciences VII,getFullTxt,2007-2017,ACTIVE
1934-6344,International Journal of Agricultural and Biological Engineering,1E+15,2.67E+15,EBSCOhost Academic Search Complete,getFullTxt,-2009,ACTIVE
1936-7031,Journal of contemporary water research & education,1E+15,2.67E+15,EBSCOhost Environment Complete,getFullTxt,-2012,ACTIVE
1939-1404,IEEE Journal of Selected Topics in Applied Earth Observations and Remote Sensing,1E+15,3.86E+15,IEEE Electronic Library (IEL),getFullTxt,-2008,ACTIVE
1939-1811,Historical Studies in the Natural Sciences,1E+15,2.67E+15,JSTOR Arts and Sciences VIII,getFullTxt,2008-2017,ACTIVE
1939-7291,Invasive Plant Science and Management,1E+15,4.33E+15,CRKN Cambridge University Press Journals,getFullTxt,-2012,ACTIVE
1940-0829,Tropical Conservation Science,1E+15,3.78E+15,Sage CRKN Collection,getFullTxt,-2008,ACTIVE
1940-7963,"Journal of policy research in tourism, leisure and events",1E+15,3.71E+15,Taylor & Francis CRKN Social Science and Humanities,getFullTxt,-2009,ACTIVE
1941-1405,Annual Review of Marine Science,1E+15,1E+15,Annual Reviews,getFullTxt,2009-2015,ACTIVE
1942-5120,"Marine and Coastal Fisheries: Dynamics, Management, and Ecosystem Science",1E+15,3.71E+15,EBSCOhost Environment Complete,getFullTxt,-2009,ACTIVE
1943-815X,Journal of integrative environmental sciences,1E+15,4.1E+15,EBSCOhost Environment Complete,getFullTxt,-2009,ACTIVE
1944-3994,Desalination and water treatment,1E+15,2.67E+15,EBSCOhost Environment Complete,getFullTxt,2009-2012,ACTIVE
1944-687X,Journal of fish and wildlife management,1E+15,2.67E+15,EBSCOhost Environment Complete,getFullTxt,-2011,ACTIVE
1946-7664,Mathematical and Computational Forestry & Natural Resource Sciences,1E+15,2.55E+15,EBSCOhost Academic Search Complete,getFullTxt,-2010,ACTIVE
1948-8327,"Weather, Climate, and Society",1E+15,2.67E+15,EBSCOhost Environment Complete,getFullTxt,-2009,ACTIVE
1961-9502,Knowledge & Management of Aquatic Ecosystems,1E+15,3.71E+15,EBSCOhost Environment Complete,getFullTxt,-2012,ACTIVE
1965-0175,Water Alternatives,1E+15,1E+15,EBSCOhost Environment Complete,getFullTxt,-2008,ACTIVE
1971-7458,IForest,1E+15,2.55E+15,EBSCOhost Academic Search Complete,getFullTxt,-2010,ACTIVE
1976-9571,Genes & Genomics,1E+15,3.85E+15,SpringerLink Journals - AutoHoldings,getFullTxt,-2009,ACTIVE
1995-7645,Asian Pacific Journal of Tropical Medicine,2.48E+15,2.56E+15,Elsevier ScienceDirect Journals Complete,getFullTxt,2010-2017,ACTIVE
2032-3913,Plant Ecology and Evolution,2.67E+15,2.67E+15,JSTOR Life Sciences Collection,getFullTxt,-2010,ACTIVE
2037-4631,Rendiconti Lincei,2.67E+15,3.85E+15,SpringerLink Journals - AutoHoldings,getFullTxt,-1997,ACTIVE
2042-5945,"World journal of science, technology and sustainable development",3.44E+15,4.33E+15,ABI/INFORM Collection,getFullTxt,2010-2020,ACTIVE
2042-8898,Interface focus,2.67E+15,5.49E+15,Royal Society Publishing,getFullTxt,-2011,ACTIVE
2046-2069,RSC Advances,3.52E+15,3.28E+15,CRKN Royal Society of Chemistry Journals Gold,getFullTxt,-2011,ACTIVE
2047-1025,Transnational Environmental Law,3.39E+15,3.24E+15,CRKN Cambridge University Press Journals,getFullTxt,-2012,ACTIVE
2049-1948,Wiley Interdisciplinary Reviews: Water,3.19E+15,3.79E+15,CRKN Wiley Online Library,getFullTxt,-2014,ACTIVE
2079-0961,Arid Ecosystems,2.58E+15,3.85E+15,SpringerLink Journals - AutoHoldings,getFullTxt,-2011,ACTIVE
2095-0195,Frontiers of Earth Science,2.67E+15,3.85E+15,SpringerLink Journals - AutoHoldings,getFullTxt,-2007,ACTIVE
2095-3119,Journal of Integrative Agriculture,2.67E+15,2.56E+15,Elsevier ScienceDirect Journals Complete,getFullTxt,-2012,ACTIVE
2095-6339,International Soil and Water Conservation Research,3.71E+15,3.71E+15,Elsevier ScienceDirect Journals Complete,getFullTxt,-2013,ACTIVE
2095-8099,Engineering ,3.88E+15,3.71E+15,Elsevier ScienceDirect Journals Complete,getFullTxt,-2015,ACTIVE
2096-5508,Journal of Oceanology and Limnology,4.1E+15,3.85E+15,SpringerLink Journals - AutoHoldings,getFullTxt,-1997,ACTIVE
2096-675X,Journal of Ocean Engineering and Science,3.71E+15,3.71E+15,Elsevier ScienceDirect Journals Complete,getFullTxt,-2016,ACTIVE
2147-0626,Tarih Kültür ve Sanat Araştırmaları Dergisi,2.67E+15,3.71E+15,EBSCOhost Academic Search Complete,getFullTxt,-2013,ACTIVE
2150-6779,Environment and Society,1E+15,4.1E+15,EBSCOhost Environment Complete,getFullTxt,2010-2020,ACTIVE
2165-8102,Annual Review of Animal Biosciences,2.55E+15,2.67E+15,Annual Reviews,getFullTxt,2013-2015,ACTIVE
2168-2216,"IEEE Transactions on Systems, Man, and Cybernetics: Systems",2.56E+15,3.86E+15,IEEE Electronic Library (IEL),getFullTxt,-2013,ACTIVE
2168-3565,Agroecology and sustainable food systems,2.56E+15,2.56E+15,EBSCOhost Environment Complete,getFullTxt,2013-2020,ACTIVE
2169-8953,Journal of Geophysical Research: Biogeosciences,2.56E+15,3.79E+15,CRKN Wiley Online Library,getFullTxt,-2013,ACTIVE
2169-897X,Journal of Geophysical Research: Atmospheres,2.56E+15,3.79E+15,CRKN Wiley Online Library,getFullTxt,-2013,ACTIVE
2169-9275,Journal of Geophysical Research: Oceans,2.56E+15,3.79E+15,CRKN Wiley Online Library,getFullTxt,-2013,ACTIVE
2190-572X,3 Biotech,3.4E+15,3.85E+15,SpringerLink Journals - AutoHoldings,getFullTxt,-2011,ACTIVE
2198-6436,Current Forestry Reports,3.71E+15,3.85E+15,SpringerLink Journals - AutoHoldings,getFullTxt,-2015,ACTIVE
2199-2401,Mammal Research,3.71E+15,3.85E+15,SpringerLink Journals - AutoHoldings,getFullTxt,-2001,ACTIVE
2210-6561,"Learning, Culture and Social Interaction",3.46E+15,2.56E+15,Elsevier ScienceDirect Journals Complete,getFullTxt,-2012,ACTIVE
2210-6707,Sustainable Cities and Society,2.67E+15,2.56E+15,Elsevier ScienceDirect Journals Complete,getFullTxt,-2011,ACTIVE
2211-4645,Environmental Development,3.23E+15,2.56E+15,Elsevier ScienceDirect Journals Complete,getFullTxt,-2012,ACTIVE
2211-6753,Spatial Statistics,3.46E+15,2.56E+15,Elsevier ScienceDirect Journals Complete,getFullTxt,-2012,ACTIVE
2211-9124,Global Food Security,3.46E+15,2.56E+15,Elsevier ScienceDirect Journals Complete,getFullTxt,-2012,ACTIVE
2212-0416,Ecosystem Services,3.46E+15,2.56E+15,Elsevier ScienceDirect Journals Complete,getFullTxt,-2012,ACTIVE
2212-0947,Weather and Climate Extremes,3.42E+15,2.56E+15,Elsevier ScienceDirect Journals Complete,getFullTxt,-2013,ACTIVE
2212-0963,Climate Risk Management,2.66E+15,2.56E+15,Elsevier ScienceDirect Journals Complete,getFullTxt,-2014,ACTIVE
2212-4209,International Journal of Disaster Risk Reduction,2.67E+15,2.56E+15,Elsevier ScienceDirect Journals Complete,getFullTxt,-2012,ACTIVE
2212-571X,Journal of Destination Marketing & Management,3.46E+15,2.56E+15,Elsevier ScienceDirect Journals Complete,getFullTxt,-2012,ACTIVE
2213-0780,Journal of Outdoor Recreation and Tourism,3.35E+15,2.56E+15,Elsevier ScienceDirect Journals Complete,getFullTxt,-2013,ACTIVE
2213-2244,International Journal for Parasitology: Parasites and Wildlife,3.35E+15,2.56E+15,Elsevier ScienceDirect Journals Complete,getFullTxt,-2012,ACTIVE
2213-3054,Anthropocene,3.35E+15,2.56E+15,Elsevier ScienceDirect Journals Complete,getFullTxt,-2013,ACTIVE
2214-5745,Current Opinion in Insect Science,2.67E+15,2.56E+15,Elsevier ScienceDirect Journals Complete,getFullTxt,-2014,ACTIVE
2214-6296,Energy Research & Social Science,3.35E+15,2.56E+15,Elsevier ScienceDirect Journals Complete,getFullTxt,-2014,ACTIVE
2215-0161,MethodsX,2.67E+15,2.56E+15,Elsevier ScienceDirect Journals Complete,getFullTxt,-2014,ACTIVE
2226-5856,Journal of Urban Management,3.71E+15,3.71E+15,Elsevier ScienceDirect Journals Complete,getFullTxt,-2012,ACTIVE
2228-5482,Journal of Reproduction & Infertility,2.67E+15,4.1E+15,EBSCOhost Academic Search Complete,getFullTxt,-2009,ACTIVE
2243-4690,Science and Technology Studies,3.34E+15,2.67E+15,EBSCOhost Academic Search Complete,getFullTxt,-2012,ACTIVE
2325-1042,Environmental sociology,2.56E+15,5.47E+15,Taylor & Francis CRKN Social Science and Humanities,getFullTxt,-2015,ACTIVE
2325-4262,Chinese Journal of Population Resources and Environment,1E+15,2.56E+15,Elsevier ScienceDirect Journals Complete,getFullTxt,-2020,ACTIVE
2328-4277,Earth's Future,2.55E+15,3.71E+15,EBSCOhost Environment Complete,getFullTxt,-2014,ACTIVE
2351-9894,Global Ecology and Conservation,3.71E+15,2.56E+15,Elsevier ScienceDirect Journals Complete,getFullTxt,-2014,ACTIVE
2352-1546,Current Opinion in Behavioral Sciences,2.56E+15,2.56E+15,Elsevier ScienceDirect Journals Complete,getFullTxt,-2015,ACTIVE
2352-1864,Environmental Technology & Innovation,3.71E+15,2.56E+15,Elsevier ScienceDirect Journals Complete,getFullTxt,-2014,ACTIVE
2352-3409,Data in Brief,3.71E+15,2.56E+15,Elsevier ScienceDirect Journals Complete,getFullTxt,-2014,ACTIVE
2352-4855,Regional Studies in Marine Science,2.56E+15,2.56E+15,Elsevier ScienceDirect Journals Complete,getFullTxt,-2015,ACTIVE
2363-5037,Sustainable Water Resources Management,3.71E+15,3.85E+15,SpringerLink Journals - AutoHoldings,getFullTxt,-2015,ACTIVE
2363-6203,Modeling Earth Systems and Environment,4.2E+15,3.85E+15,SpringerLink Journals - AutoHoldings,getFullTxt,-2015,ACTIVE
2375-2548,Science advances,2.56E+15,3.46E+15,American Association for the Advancement of Science,getFullTxt,-2015,ACTIVE
2405-8440,Heliyon,3.71E+15,3.71E+15,Elsevier ScienceDirect Journals Complete,getFullTxt,-2015,ACTIVE
2405-8971,IFAC-PapersOnLine,3.71E+15,3.71E+15,Elsevier ScienceDirect Journals Complete,getFullTxt,-2015,ACTIVE
2470-1394,Mitochondrial DNA Part A,3.71E+15,4.1E+15,EBSCOhost Academic Search Complete,getFullTxt,2016-2020,ACTIVE
2530-0644,Perspectives in Ecology and Conservation,3.71E+15,3.71E+15,Elsevier ScienceDirect Journals Complete,getFullTxt,-2017,ACTIVE
